,MAE,RMSE,R2,predictions
RandomForest,0.2578482598182626,0.4427174226231251,0.7964783528215618,[3.85596066 3.91733933 2.57686    ... 1.35806772 1.37607352 1.37765438]
XGBoost,0.23203882788371483,0.4069369286572129,0.8280462751792985,[4.223892  4.249007  3.0871027 ... 1.4602367 1.428089  1.657788 ]
LightGBM,0.21513658783325446,0.37424865915397365,0.8545620018888419,[3.75045458 3.76031596 2.58768152 ... 1.46293628 1.44728099 1.52802864]
