,MAE,RMSE,R2,predictions
RandomForest,0.2049593746910577,0.3803082070814354,0.8498142328695482,[4.42590003 4.40813476 3.062      ... 1.6180681  1.62147619 1.64323273]
XGBoost,0.1853138258660417,0.35583690256995865,0.8685201038492727,[4.022033  4.0468497 3.099385  ... 1.578298  1.6529018 1.5423023]
LightGBM,0.17832501682723567,0.34068021887342803,0.879482193914112,[3.63902329 3.63902329 3.13931643 ... 1.67737139 1.67957462 1.81415907]
