,MAE,RMSE,R2,predictions
RandomForest,0.10319151936051749,0.26648466047955266,0.9262602243436029,[3.92204    3.24795233 3.85471884 ... 2.9319703  2.93138711 2.84855912]
XGBoost,0.09408305834007748,0.23854457461348283,0.940912383844778,[3.660527  3.526426  3.494179  ... 2.503959  2.5050025 2.609426 ]
LightGBM,0.10095054725848403,0.24866294785291845,0.9357934199963327,[3.95984125 3.86249052 3.31846852 ... 2.71940577 2.71940577 2.70846909]
