,MAE,RMSE,R2,predictions
RandomForest,0.12465453528609179,0.3013027356827653,0.905732165274766,[4.14354103 3.95816512 3.46822004 ... 2.62997086 2.63530104 2.61939073]
XGBoost,0.11001020288170403,0.2734751753706037,0.9223407483950976,[4.21615   4.2098956 3.2157238 ... 2.3950906 2.3950906 2.5208168]
LightGBM,0.1097599832888375,0.2702190414837366,0.9241790397701375,[3.78727581 4.39013692 3.3933847  ... 2.5861858  2.62001185 2.59903104]
