,MAE,RMSE,R2,predictions
RandomForest,0.1459350975077124,0.32510032341731965,0.8902531193571923,[3.26868563 3.62573962 3.29353333 ... 2.8073205  2.78582025 2.85949509]
XGBoost,0.12830997013046816,0.29461148531362646,0.9098726235449518,[3.7214732 4.089682  3.3853672 ... 2.2081504 2.2012334 2.538827 ]
LightGBM,0.12363000363175454,0.28685360851510555,0.9145566992850329,[3.21934105 3.47448244 3.39250337 ... 2.49436701 2.49436701 2.51669567]
