,MAE,RMSE,R2,predictions
RandomForest,0.01441677594894823,0.029343278356578614,0.9991054543834271,[2.32403329 5.2415     4.41016    ... 2.87114769 2.66849792 2.53380776]
XGBoost,0.014138439029145291,0.026067494489559587,0.999294033966964,[2.3704686 5.1412325 4.4100504 ... 2.8476598 2.6282632 2.5155032]
LightGBM,0.016484344991242548,0.02767799075791719,0.9992041076231934,[2.38721306 5.2220702  4.44707537 ... 2.82643275 2.64650362 2.51326078]
