,MAE,RMSE,R2,predictions
RandomForest,0.00015181399631795548,0.0014548447460514598,0.999997802187283,[4.258   4.31202 3.092   ... 2.882   2.66    2.548  ]
XGBoost,0.0046607329653675506,0.015931221956041772,0.9997364545282151,[4.2308173 4.337543  3.0765936 ... 2.8855298 2.6496298 2.5363934]
LightGBM,0.0045144619165832,0.013510946900854328,0.9998104477445843,[4.20630231 4.32546676 3.0879981  ... 2.89454071 2.67214544 2.55452189]
