,MAE,RMSE,R2,predictions
RandomForest,0.14725432340697306,0.3295625634988476,0.8872197308558376,[3.76430157 3.80953519 3.20778424 ... 2.01700772 1.97823439 1.95952004]
XGBoost,0.1317984003457378,0.30094539305995555,0.9059556344684234,[4.019472  4.197718  2.8111992 ... 1.7873878 1.7433999 1.8951862]
LightGBM,0.1258990340725169,0.2916242437366331,0.9116910678783084,[3.27708213 3.57093427 2.62652541 ... 2.40844858 2.40844858 2.47147788]
