,MAE,RMSE,R2,predictions
RandomForest,0.04404772566624967,0.14801257738290877,0.9772514026207728,[4.63134533 4.26602949 3.68090107 ... 2.88946873 2.80505286 2.63385546]
XGBoost,0.042472355879092,0.13454280853551281,0.981203440648892,[4.3996987 4.2678065 3.8901725 ... 2.8771632 2.8213112 2.6565557]
LightGBM,0.04906922454396412,0.13623212126565395,0.9807284600304058,[4.37835247 4.30587627 3.68582586 ... 2.84848592 2.82940126 2.69084094]
